school,color,logo
Abilene Christian,#592d82,http://a.espncdn.com/i/teamlogos/ncaa/500/2000.png
Adams State,#null,http://a.espncdn.com/i/teamlogos/ncaa/500/2001.png
Adrian,#null,http://a.espncdn.com/i/teamlogos/ncaa/500/2003.png
Air Force,#004a7b,http://a.espncdn.com/i/teamlogos/ncaa/500/2005.png
Akron,#00285e,http://a.espncdn.com/i/teamlogos/ncaa/500/2006.png
Alabama,#9e1632,http://a.espncdn.com/i/teamlogos/ncaa/500/333.png
Alabama A&M,#790000,http://a.espncdn.com/i/teamlogos/ncaa/500/2010.png
Alabama State,#e9a900,http://a.espncdn.com/i/teamlogos/ncaa/500/2011.png
Albany State GA,#null,http://a.espncdn.com/i/teamlogos/ncaa/500/2013.png
Albion,#null,http://a.espncdn.com/i/teamlogos/ncaa/500/2790.png
Albright,#c82e48,http://a.espncdn.com/i/teamlogos/ncaa/500/2015.png
Alcorn State,#4b0058,http://a.espncdn.com/i/teamlogos/ncaa/500/2016.png
Alderson-Broaddus,#null,http://a.espncdn.com/i/teamlogos/ncaa/500/2017.png
Alfred State,#null,http://a.espncdn.com/i/teamlogos/ncaa/500/3162.png
Alfred University,#null,http://a.espncdn.com/i/teamlogos/ncaa/500/365.png
Allegheny,#null,http://a.espncdn.com/i/teamlogos/ncaa/500/2018.png
Allen,#null,
Alma,#null,http://a.espncdn.com/i/teamlogos/ncaa/500/2800.png
American International,#null,http://a.espncdn.com/i/teamlogos/ncaa/500/2022.png
Amherst,#3f1f69,http://a.espncdn.com/i/teamlogos/ncaa/500/7.png
Anderson (IN),#null,http://a.espncdn.com/i/teamlogos/ncaa/500/2023.png
Anderson (Sc),#null,
Angelo State,#null,http://a.espncdn.com/i/teamlogos/ncaa/500/2025.png
Anna Maria College,#null,http://a.espncdn.com/i/teamlogos/ncaa/500/15.png
Apprentice School,#null,http://a.espncdn.com/i/teamlogos/ncaa/500/3111.png
Appalachian State,#ffcc00,http://a.espncdn.com/i/teamlogos/ncaa/500/2026.png
Arizona,#0c234b,http://a.espncdn.com/i/teamlogos/ncaa/500/12.png
Arizona State,#8e0c3a,http://a.espncdn.com/i/teamlogos/ncaa/500/9.png
Arkansas,#a41f35,http://a.espncdn.com/i/teamlogos/ncaa/500/8.png
Arkansas-Monticello,#null,http://a.espncdn.com/i/teamlogos/ncaa/500/2028.png
Arkansas-Pine Bluff,#e0aa0f,http://a.espncdn.com/i/teamlogos/ncaa/500/2029.png
Arkansas State,#e81018,http://a.espncdn.com/i/teamlogos/ncaa/500/2032.png
Arkansas Tech,#null,http://a.espncdn.com/i/teamlogos/ncaa/500/2033.png
Army,#ce9c00,http://a.espncdn.com/i/teamlogos/ncaa/500/349.png
Ashland,#null,http://a.espncdn.com/i/teamlogos/ncaa/500/308.png
Assumption,#null,http://a.espncdn.com/i/teamlogos/ncaa/500/2038.png
Auburn,#002b5c,http://a.espncdn.com/i/teamlogos/ncaa/500/2.png
Augsburg,#74233d,http://a.espncdn.com/i/teamlogos/ncaa/500/124.png
Augustana (IL),#null,http://a.espncdn.com/i/teamlogos/ncaa/500/2042.png
Augustana University (SD),#null,http://a.espncdn.com/i/teamlogos/ncaa/500/2043.png
Aurora,#00549f,http://a.espncdn.com/i/teamlogos/ncaa/500/2044.png
Austin,#null,http://a.espncdn.com/i/teamlogos/ncaa/500/2045.png
Austin Peay,#8e0b0b,http://a.espncdn.com/i/teamlogos/ncaa/500/2046.png
Averett,#012853,http://a.espncdn.com/i/teamlogos/ncaa/500/2047.png
Azusa Pacific,#000000,http://a.espncdn.com/i/teamlogos/ncaa/500/2049.png
Baldwin Wallace,#null,http://a.espncdn.com/i/teamlogos/ncaa/500/188.png
Ball State,#DA0000,http://a.espncdn.com/i/teamlogos/ncaa/500/2050.png
Bates,#a51e36,http://a.espncdn.com/i/teamlogos/ncaa/500/121.png
Baylor,#154734,http://a.espncdn.com/i/teamlogos/ncaa/500/239.png
Beloit,#null,http://a.espncdn.com/i/teamlogos/ncaa/500/266.png
Bemidji State,#null,http://a.espncdn.com/i/teamlogos/ncaa/500/132.png
Benedict College,#null,http://a.espncdn.com/i/teamlogos/ncaa/500/490.png
Benedictine University,#null,http://a.espncdn.com/i/teamlogos/ncaa/500/2283.png
Bentley,#null,http://a.espncdn.com/i/teamlogos/ncaa/500/2060.png
Berry College,#null,http://a.espncdn.com/i/teamlogos/ncaa/500/2757.png
Bethany (WV),#null,http://a.espncdn.com/i/teamlogos/ncaa/500/2062.png
Bethel (MN),#002d62,http://a.espncdn.com/i/teamlogos/ncaa/500/2802.png
Bethune-Cookman,#7b1831,http://a.espncdn.com/i/teamlogos/ncaa/500/2065.png
Biddeford,#null,
Birmingham-Southern,#000000,http://a.espncdn.com/i/teamlogos/ncaa/500/3.png
Black Hills State,#null,http://a.espncdn.com/i/teamlogos/ncaa/500/2069.png
Bloomsburg,#null,http://a.espncdn.com/i/teamlogos/ncaa/500/2071.png
Bluefield State,#null,
Bluffton,#46166a,http://a.espncdn.com/i/teamlogos/ncaa/500/2074.png
Boise State,#0033a0,http://a.espncdn.com/i/teamlogos/ncaa/500/68.png
Boston College,#8c2232,http://a.espncdn.com/i/teamlogos/ncaa/500/103.png
Bowdoin,#ffffff,http://a.espncdn.com/i/teamlogos/ncaa/500/340.png
Bowie State,#null,http://a.espncdn.com/i/teamlogos/ncaa/500/2075.png
Bowling Green,#2b1000,http://a.espncdn.com/i/teamlogos/ncaa/500/189.png
Brevard College,#null,http://a.espncdn.com/i/teamlogos/ncaa/500/2913.png
Bridgewater State,#bf2f38,http://a.espncdn.com/i/teamlogos/ncaa/500/18.png
Bridgewater (VA),#990022,http://a.espncdn.com/i/teamlogos/ncaa/500/2079.png
Brockport,#null,http://a.espncdn.com/i/teamlogos/ncaa/500/2781.png
Brown,#411e09,http://a.espncdn.com/i/teamlogos/ncaa/500/225.png
Bryant,#null,http://a.espncdn.com/i/teamlogos/ncaa/500/2803.png
Bucknell,#000060,http://a.espncdn.com/i/teamlogos/ncaa/500/2083.png
Buena Vista,#feba12,http://a.espncdn.com/i/teamlogos/ncaa/500/63.png
Buffalo,#041A9B,http://a.espncdn.com/i/teamlogos/ncaa/500/2084.png
Buffalo State,#null,http://a.espncdn.com/i/teamlogos/ncaa/500/2085.png
Butler,#0d1361,http://a.espncdn.com/i/teamlogos/ncaa/500/2086.png
BYU,#003da5,http://a.espncdn.com/i/teamlogos/ncaa/500/252.png
California,#031522,http://a.espncdn.com/i/teamlogos/ncaa/500/25.png
California Lutheran University,#3b2361,http://a.espncdn.com/i/teamlogos/ncaa/500/2094.png
Cal Poly,#1E4D2B,http://a.espncdn.com/i/teamlogos/ncaa/500/13.png
Calvin University,#null,
Campbell,#null,http://a.espncdn.com/i/teamlogos/ncaa/500/2097.png
Capital,#null,http://a.espncdn.com/i/teamlogos/ncaa/500/424.png
Carleton,#173a79,http://a.espncdn.com/i/teamlogos/ncaa/500/2101.png
Carnegie Mellon,#null,http://a.espncdn.com/i/teamlogos/ncaa/500/2102.png
Carroll University (WI),#null,http://a.espncdn.com/i/teamlogos/ncaa/500/32.png
Carson-Newman College,#f2682a,http://a.espncdn.com/i/teamlogos/ncaa/500/2105.png
Carthage,#null,http://a.espncdn.com/i/teamlogos/ncaa/500/2106.png
Case Western Reserve,#null,http://a.espncdn.com/i/teamlogos/ncaa/500/2963.png
Castleton,#null,http://a.espncdn.com/i/teamlogos/ncaa/500/293.png
Catawba,#0c233f,http://a.espncdn.com/i/teamlogos/ncaa/500/2107.png
Catholic,#null,http://a.espncdn.com/i/teamlogos/ncaa/500/2108.png
CENTENARY,#null,
Central Arkansas,#a7a9ac,http://a.espncdn.com/i/teamlogos/ncaa/500/2110.png
Central College,#ea0029,http://a.espncdn.com/i/teamlogos/ncaa/500/2964.png
Central Connecticut,#1B49A2,http://a.espncdn.com/i/teamlogos/ncaa/500/2115.png
Central Michigan,#6a0032,http://a.espncdn.com/i/teamlogos/ncaa/500/2117.png
Central Missouri,#null,http://a.espncdn.com/i/teamlogos/ncaa/500/2118.png
Central Oklahoma,#null,http://a.espncdn.com/i/teamlogos/ncaa/500/2122.png
Central State (OH),#null,http://a.espncdn.com/i/teamlogos/ncaa/500/2119.png
Central Washington,#null,http://a.espncdn.com/i/teamlogos/ncaa/500/2120.png
Centre College Kentucky,#null,http://a.espncdn.com/i/teamlogos/ncaa/500/2121.png
Chadron St,#null,http://a.espncdn.com/i/teamlogos/ncaa/500/2123.png
Chapman,#ab1d38,http://a.espncdn.com/i/teamlogos/ncaa/500/411.png
Charleston Southern,#2e3192,http://a.espncdn.com/i/teamlogos/ncaa/500/2127.png
Charlotte,#046A38,http://a.espncdn.com/i/teamlogos/ncaa/500/2429.png
Chattanooga,#00386b,http://a.espncdn.com/i/teamlogos/ncaa/500/236.png
Cheyney,#000000,http://a.espncdn.com/i/teamlogos/ncaa/500/2129.png
Chicago,#null,http://a.espncdn.com/i/teamlogos/ncaa/500/80.png
Christopher Newport,#null,http://a.espncdn.com/i/teamlogos/ncaa/500/3112.png
Cincinnati,#E00122,http://a.espncdn.com/i/teamlogos/ncaa/500/2132.png
Claremont-Mudd-Scripps College,#981a31,http://a.espncdn.com/i/teamlogos/ncaa/500/17.png
Clarion,#null,http://a.espncdn.com/i/teamlogos/ncaa/500/2134.png
Clark Atlanta,#null,http://a.espncdn.com/i/teamlogos/ncaa/500/2805.png
Clemson,#f56600,http://a.espncdn.com/i/teamlogos/ncaa/500/228.png
Coastal Carolina,#007073,http://a.espncdn.com/i/teamlogos/ncaa/500/324.png
Coast Guard,#null,http://a.espncdn.com/i/teamlogos/ncaa/500/2557.png
Coe College,#881922,http://a.espncdn.com/i/teamlogos/ncaa/500/2141.png
Colby College,#012778,http://a.espncdn.com/i/teamlogos/ncaa/500/33.png
Colgate,#821019,http://a.espncdn.com/i/teamlogos/ncaa/500/2142.png
College Of New Jersey,#154c7d,http://a.espncdn.com/i/teamlogos/ncaa/500/2442.png
Colorado,#CFB87C,http://a.espncdn.com/i/teamlogos/ncaa/500/38.png
Colorado Mesa,#null,http://a.espncdn.com/i/teamlogos/ncaa/500/11.png
Colorado School Of Mines,#null,http://a.espncdn.com/i/teamlogos/ncaa/500/2146.png
Colorado State,#1e4d2b,http://a.espncdn.com/i/teamlogos/ncaa/500/36.png
Columbia,#174785,http://a.espncdn.com/i/teamlogos/ncaa/500/171.png
Concordia Moorhead,#701d45,http://a.espncdn.com/i/teamlogos/ncaa/500/2152.png
Concordia University Chicago,#572a31,http://a.espncdn.com/i/teamlogos/ncaa/500/2151.png
Concordia University St Paul,#null,http://a.espncdn.com/i/teamlogos/ncaa/500/3066.png
Concordia-Wisconsin,#245699,http://a.espncdn.com/i/teamlogos/ncaa/500/409.png
Concord University,#null,http://a.espncdn.com/i/teamlogos/ncaa/500/2148.png
Cornell,#d60027,http://a.espncdn.com/i/teamlogos/ncaa/500/172.png
Cornell College (IA),#null,http://a.espncdn.com/i/teamlogos/ncaa/500/2155.png
Cortland,#null,http://a.espncdn.com/i/teamlogos/ncaa/500/2782.png
Crown College,#5c2f92,http://a.espncdn.com/i/teamlogos/ncaa/500/509.png
CSU Pueblo,#null,http://a.espncdn.com/i/teamlogos/ncaa/500/2570.png
Curry College,#65448b,http://a.espncdn.com/i/teamlogos/ncaa/500/40.png
Dartmouth,#005730,http://a.espncdn.com/i/teamlogos/ncaa/500/159.png
Davenport,#null,
Davidson,#null,http://a.espncdn.com/i/teamlogos/ncaa/500/2166.png
Dayton,#004B8D,http://a.espncdn.com/i/teamlogos/ncaa/500/2168.png
Dean College,#null,
Delaware,#033594,http://a.espncdn.com/i/teamlogos/ncaa/500/48.png
Delaware State,#FF3630,http://a.espncdn.com/i/teamlogos/ncaa/500/2169.png
Delaware Valley,#004c23,http://a.espncdn.com/i/teamlogos/ncaa/500/2808.png
Delta State,#00753e,http://a.espncdn.com/i/teamlogos/ncaa/500/2170.png
Denison University,#null,http://a.espncdn.com/i/teamlogos/ncaa/500/2171.png
Depauw,#null,http://a.espncdn.com/i/teamlogos/ncaa/500/83.png
Dickinson (PA),#ed192d,http://a.espncdn.com/i/teamlogos/ncaa/500/2175.png
Drake,#005596,http://a.espncdn.com/i/teamlogos/ncaa/500/2181.png
Dubuque,#null,http://a.espncdn.com/i/teamlogos/ncaa/500/49.png
Duke,#013088,http://a.espncdn.com/i/teamlogos/ncaa/500/150.png
Duquesne,#002D62,http://a.espncdn.com/i/teamlogos/ncaa/500/2184.png
East Carolina,#4b1869,http://a.espncdn.com/i/teamlogos/ncaa/500/151.png
East Central (OK),#null,http://a.espncdn.com/i/teamlogos/ncaa/500/2191.png
Eastern Illinois,#null,http://a.espncdn.com/i/teamlogos/ncaa/500/2197.png
Eastern Kentucky,#660819,http://a.espncdn.com/i/teamlogos/ncaa/500/2198.png
Eastern Michigan,#00331b,http://a.espncdn.com/i/teamlogos/ncaa/500/2199.png
Eastern New Mexico,#null,http://a.espncdn.com/i/teamlogos/ncaa/500/2201.png
Eastern University,#null,
Eastern Washington,#a10022,http://a.espncdn.com/i/teamlogos/ncaa/500/331.png
East Stroudsburg University,#null,http://a.espncdn.com/i/teamlogos/ncaa/500/2188.png
East Tennessee State,#002d61,http://a.espncdn.com/i/teamlogos/ncaa/500/2193.png
East Texas A&M,#null,http://a.espncdn.com/i/teamlogos/ncaa/500/2837.png
East Texas Baptist University,#002b44,http://a.espncdn.com/i/teamlogos/ncaa/500/2194.png
Edinboro University,#null,http://a.espncdn.com/i/teamlogos/ncaa/500/2205.png
Edward Waters,#null,
Elizabeth City State,#null,http://a.espncdn.com/i/teamlogos/ncaa/500/2207.png
Elmhurst,#null,http://a.espncdn.com/i/teamlogos/ncaa/500/72.png
Elon,#020303,http://a.espncdn.com/i/teamlogos/ncaa/500/2210.png
Emory & Henry College,#1e376d,http://a.espncdn.com/i/teamlogos/ncaa/500/2213.png
Emporia State University,#null,http://a.espncdn.com/i/teamlogos/ncaa/500/2214.png
Endicott College,#null,http://a.espncdn.com/i/teamlogos/ncaa/500/452.png
ERSKINE,#null,
Eureka College,#960a2c,http://a.espncdn.com/i/teamlogos/ncaa/500/101.png
Fairmont State,#null,http://a.espncdn.com/i/teamlogos/ncaa/500/2986.png
Fayetteville State,#null,http://a.espncdn.com/i/teamlogos/ncaa/500/2220.png
FDU-Florham,#003f87,http://a.espncdn.com/i/teamlogos/ncaa/500/2221.png
Ferris State,#null,http://a.espncdn.com/i/teamlogos/ncaa/500/2222.png
Ferrum,#null,http://a.espncdn.com/i/teamlogos/ncaa/500/366.png
Findlay,#null,http://a.espncdn.com/i/teamlogos/ncaa/500/2224.png
Fitchburg State,#024d36,http://a.espncdn.com/i/teamlogos/ncaa/500/114.png
Florida,#0021a5,http://a.espncdn.com/i/teamlogos/ncaa/500/57.png
Florida A&M,#F89728,http://a.espncdn.com/i/teamlogos/ncaa/500/50.png
Florida Atlantic,#00447c,http://a.espncdn.com/i/teamlogos/ncaa/500/2226.png
Florida International,#001538,http://a.espncdn.com/i/teamlogos/ncaa/500/2229.png
Florida State,#782f40,http://a.espncdn.com/i/teamlogos/ncaa/500/52.png
Fordham,#830032,http://a.espncdn.com/i/teamlogos/ncaa/500/2230.png
Fort Hays State,#null,http://a.espncdn.com/i/teamlogos/ncaa/500/2231.png
Fort Lewis,#null,http://a.espncdn.com/i/teamlogos/ncaa/500/2237.png
Fort Valley State,#f9bd0a,http://a.espncdn.com/i/teamlogos/ncaa/500/2232.png
Framingham State,#null,http://a.espncdn.com/i/teamlogos/ncaa/500/2967.png
Franklin,#1b295b,http://a.espncdn.com/i/teamlogos/ncaa/500/2233.png
Franklin & Marshall,#25377d,http://a.espncdn.com/i/teamlogos/ncaa/500/2234.png
Franklin Pierce,#null,
Fresno State,#db0032,http://a.espncdn.com/i/teamlogos/ncaa/500/278.png
Frostburg State,#null,http://a.espncdn.com/i/teamlogos/ncaa/500/341.png
Furman,#582c83,http://a.espncdn.com/i/teamlogos/ncaa/500/231.png
Gallaudet,#null,http://a.espncdn.com/i/teamlogos/ncaa/500/417.png
Gannon,#null,http://a.espncdn.com/i/teamlogos/ncaa/500/367.png
Gardner-Webb,#c12535,http://a.espncdn.com/i/teamlogos/ncaa/500/2241.png
Geneva,#null,http://a.espncdn.com/i/teamlogos/ncaa/500/2242.png
Georgetown,#110E42,http://a.espncdn.com/i/teamlogos/ncaa/500/46.png
Georgia,#ba0c2f,http://a.espncdn.com/i/teamlogos/ncaa/500/61.png
Georgia Southern,#003775,http://a.espncdn.com/i/teamlogos/ncaa/500/290.png
Georgia State,#1e539a,http://a.espncdn.com/i/teamlogos/ncaa/500/2247.png
Georgia Tech,#003057,http://a.espncdn.com/i/teamlogos/ncaa/500/59.png
Gettysburg,#null,http://a.espncdn.com/i/teamlogos/ncaa/500/2248.png
Glenville State,#null,http://a.espncdn.com/i/teamlogos/ncaa/500/2249.png
Grambling,#ee8601,http://a.espncdn.com/i/teamlogos/ncaa/500/2755.png
Grand Valley State University,#null,http://a.espncdn.com/i/teamlogos/ncaa/500/125.png
Greeneville,#f2682a,http://a.espncdn.com/i/teamlogos/ncaa/500/2839.png
Greensboro College,#null,http://a.espncdn.com/i/teamlogos/ncaa/500/2256.png
Greenville,#f36917,http://a.espncdn.com/i/teamlogos/ncaa/500/2257.png
Grinnell,#null,http://a.espncdn.com/i/teamlogos/ncaa/500/65.png
Grove City College,#null,http://a.espncdn.com/i/teamlogos/ncaa/500/146.png
Guilford College,#910028,http://a.espncdn.com/i/teamlogos/ncaa/500/2258.png
Gustavus Adolphus,#null,http://a.espncdn.com/i/teamlogos/ncaa/500/2968.png
Hamilton,#062f87,http://a.espncdn.com/i/teamlogos/ncaa/500/348.png
Hamline University,#98012e,http://a.espncdn.com/i/teamlogos/ncaa/500/162.png
Hampden-Sydney,#900028,http://a.espncdn.com/i/teamlogos/ncaa/500/297.png
Hampton,#0067AC,http://a.espncdn.com/i/teamlogos/ncaa/500/2261.png
Hanover College,#0b486d,http://a.espncdn.com/i/teamlogos/ncaa/500/2262.png
Harding University,#null,http://a.espncdn.com/i/teamlogos/ncaa/500/2264.png
Hardin-Simmons,#5b2d83,http://a.espncdn.com/i/teamlogos/ncaa/500/2810.png
Hartwick,#null,http://a.espncdn.com/i/teamlogos/ncaa/500/173.png
Harvard,#990000,http://a.espncdn.com/i/teamlogos/ncaa/500/108.png
Hawai'i,#003420,http://a.espncdn.com/i/teamlogos/ncaa/500/62.png
Heidelberg,#null,http://a.espncdn.com/i/teamlogos/ncaa/500/191.png
Henderson State,#null,http://a.espncdn.com/i/teamlogos/ncaa/500/2271.png
Hendrix College,#null,http://a.espncdn.com/i/teamlogos/ncaa/500/418.png
Hilbert College,#null,
Hillsdale,#null,http://a.espncdn.com/i/teamlogos/ncaa/500/2273.png
Hiram College,#null,http://a.espncdn.com/i/teamlogos/ncaa/500/2274.png
Hobart College,#null,http://a.espncdn.com/i/teamlogos/ncaa/500/174.png
Holy Cross,#0a0a0a,http://a.espncdn.com/i/teamlogos/ncaa/500/107.png
Hope College,#null,http://a.espncdn.com/i/teamlogos/ncaa/500/2812.png
Houston,#c92a39,http://a.espncdn.com/i/teamlogos/ncaa/500/248.png
Houston Christian,#00539c,http://a.espncdn.com/i/teamlogos/ncaa/500/2277.png
Howard,#003a63,http://a.espncdn.com/i/teamlogos/ncaa/500/47.png
Howard Payne,#02215b,http://a.espncdn.com/i/teamlogos/ncaa/500/2758.png
Huntingdon College (AL),#null,http://a.espncdn.com/i/teamlogos/ncaa/500/2938.png
Husson,#004b44,http://a.espncdn.com/i/teamlogos/ncaa/500/2280.png
Idaho,#null,http://a.espncdn.com/i/teamlogos/ncaa/500/70.png
Idaho State,#ef8c00,http://a.espncdn.com/i/teamlogos/ncaa/500/304.png
Illinois,#ff5f05,http://a.espncdn.com/i/teamlogos/ncaa/500/356.png
Illinois College,#null,http://a.espncdn.com/i/teamlogos/ncaa/500/2286.png
Illinois State,#CE1126,http://a.espncdn.com/i/teamlogos/ncaa/500/2287.png
Illinois Wesleyan,#null,http://a.espncdn.com/i/teamlogos/ncaa/500/306.png
Incarnate Word,#null,http://a.espncdn.com/i/teamlogos/ncaa/500/2916.png
Indiana,#990000,http://a.espncdn.com/i/teamlogos/ncaa/500/84.png
Indiana-Pennsylvania,#null,http://a.espncdn.com/i/teamlogos/ncaa/500/2291.png
Indianapolis,#null,http://a.espncdn.com/i/teamlogos/ncaa/500/2292.png
Indiana State,#00669a,http://a.espncdn.com/i/teamlogos/ncaa/500/282.png
Iowa,#000000,http://a.espncdn.com/i/teamlogos/ncaa/500/2294.png
Iowa State,#822433,http://a.espncdn.com/i/teamlogos/ncaa/500/66.png
Ithaca College,#null,http://a.espncdn.com/i/teamlogos/ncaa/500/175.png
Jackson State,#123297,http://a.espncdn.com/i/teamlogos/ncaa/500/2296.png
Jacksonville State,#b50500,http://a.espncdn.com/i/teamlogos/ncaa/500/55.png
James Madison,#450084,http://a.espncdn.com/i/teamlogos/ncaa/500/256.png
Jamestown College,#null,http://a.espncdn.com/i/teamlogos/ncaa/500/2939.png
John Carroll University,#null,http://a.espncdn.com/i/teamlogos/ncaa/500/2302.png
Johns Hopkins University,#null,http://a.espncdn.com/i/teamlogos/ncaa/500/118.png
Johnson C Smith,#null,http://a.espncdn.com/i/teamlogos/ncaa/500/2304.png
Juniata College,#031832,http://a.espncdn.com/i/teamlogos/ncaa/500/246.png
Kalamazoo,#null,http://a.espncdn.com/i/teamlogos/ncaa/500/126.png
Kansas,#0051ba,http://a.espncdn.com/i/teamlogos/ncaa/500/2305.png
Kansas State,#3c0969,http://a.espncdn.com/i/teamlogos/ncaa/500/2306.png
Kennesaw State,#fdbb30,http://a.espncdn.com/i/teamlogos/ncaa/500/338.png
Kent State,#003976,http://a.espncdn.com/i/teamlogos/ncaa/500/2309.png
Kentucky,#0033a0,http://a.espncdn.com/i/teamlogos/ncaa/500/96.png
Kentucky State,#null,http://a.espncdn.com/i/teamlogos/ncaa/500/2310.png
Kentucky Wesleyan,#null,http://a.espncdn.com/i/teamlogos/ncaa/500/2316.png
Kenyon,#null,http://a.espncdn.com/i/teamlogos/ncaa/500/352.png
Keystone,#null,
Kings College (PA),#c41230,http://a.espncdn.com/i/teamlogos/ncaa/500/247.png
Kutztown University,#null,http://a.espncdn.com/i/teamlogos/ncaa/500/2315.png
Lafayette,#790000,http://a.espncdn.com/i/teamlogos/ncaa/500/322.png
Lagrange College,#null,http://a.espncdn.com/i/teamlogos/ncaa/500/548.png
Lake Erie,#null,http://a.espncdn.com/i/teamlogos/ncaa/500/437.png
Lake Forest College,#null,http://a.espncdn.com/i/teamlogos/ncaa/500/262.png
Lamar,#null,http://a.espncdn.com/i/teamlogos/ncaa/500/2320.png
La Verne,#004812,http://a.espncdn.com/i/teamlogos/ncaa/500/2318.png
Lawrence University,#null,http://a.espncdn.com/i/teamlogos/ncaa/500/268.png
Lebanon Valley,#003767,http://a.espncdn.com/i/teamlogos/ncaa/500/388.png
Lehigh,#6c2b2a,http://a.espncdn.com/i/teamlogos/ncaa/500/2329.png
Lenoir-Rhyne,#null,http://a.espncdn.com/i/teamlogos/ncaa/500/2331.png
Lewis & Clark College,#f37737,http://a.espncdn.com/i/teamlogos/ncaa/500/2333.png
Liberty,#071740,http://a.espncdn.com/i/teamlogos/ncaa/500/2335.png
Limestone,#19468d,http://a.espncdn.com/i/teamlogos/ncaa/500/2336.png
Lincoln (CA),#null,
Lincoln (MO),#null,http://a.espncdn.com/i/teamlogos/ncaa/500/2876.png
Lincoln (PA),#null,http://a.espncdn.com/i/teamlogos/ncaa/500/2339.png
Lindenwood,#null,http://a.espncdn.com/i/teamlogos/ncaa/500/2815.png
Linfield College,#46256a,http://a.espncdn.com/i/teamlogos/ncaa/500/203.png
Livingstone,#null,http://a.espncdn.com/i/teamlogos/ncaa/500/2940.png
Lock Haven University,#null,http://a.espncdn.com/i/teamlogos/ncaa/500/209.png
Long Island University,#null,https://a.espncdn.com/i/teamlogos/ncaa/500/112358.png
Louisiana,#ce181e,http://a.espncdn.com/i/teamlogos/ncaa/500/309.png
Louisiana Tech,#002d65,http://a.espncdn.com/i/teamlogos/ncaa/500/2348.png
Louisville,#c9001f,http://a.espncdn.com/i/teamlogos/ncaa/500/97.png
LSU,#461d7c,http://a.espncdn.com/i/teamlogos/ncaa/500/99.png
Luther,#015a9c,http://a.espncdn.com/i/teamlogos/ncaa/500/67.png
Lycoming,#15283f,http://a.espncdn.com/i/teamlogos/ncaa/500/2354.png
LYONCOLL,#null,
Macalester,#null,http://a.espncdn.com/i/teamlogos/ncaa/500/2359.png
Maine,#127dbe,http://a.espncdn.com/i/teamlogos/ncaa/500/311.png
Maine Maritime,#null,http://a.espncdn.com/i/teamlogos/ncaa/500/274.png
Manchester,#ddac14,http://a.espncdn.com/i/teamlogos/ncaa/500/2362.png
Marietta,#null,http://a.espncdn.com/i/teamlogos/ncaa/500/317.png
Marist,#e53730,http://a.espncdn.com/i/teamlogos/ncaa/500/2368.png
Marshall,#00ae42,http://a.espncdn.com/i/teamlogos/ncaa/500/276.png
Mars Hill,#004b8d,http://a.espncdn.com/i/teamlogos/ncaa/500/2369.png
Martin Luther,#null,http://a.espncdn.com/i/teamlogos/ncaa/500/446.png
Mary Hardin-Baylor,#492f92,http://a.espncdn.com/i/teamlogos/ncaa/500/2371.png
Maryland,#D5002B,http://a.espncdn.com/i/teamlogos/ncaa/500/120.png
Maryville College (TN),#null,http://a.espncdn.com/i/teamlogos/ncaa/500/2373.png
Massachusetts,#971B2F,http://a.espncdn.com/i/teamlogos/ncaa/500/113.png
Mass Maritime,#212c62,http://a.espncdn.com/i/teamlogos/ncaa/500/110.png
McDaniel College,#00674d,http://a.espncdn.com/i/teamlogos/ncaa/500/2700.png
McMurry,#98002e,http://a.espncdn.com/i/teamlogos/ncaa/500/241.png
McNeese,#00529C,http://a.espncdn.com/i/teamlogos/ncaa/500/2377.png
Memphis,#004991,http://a.espncdn.com/i/teamlogos/ncaa/500/235.png
Mercer,#ff7f29,http://a.espncdn.com/i/teamlogos/ncaa/500/2382.png
Merchant Marine Academy,#null,http://a.espncdn.com/i/teamlogos/ncaa/500/2383.png
Mercyhurst,#null,http://a.espncdn.com/i/teamlogos/ncaa/500/2385.png
Merrimack,#null,http://a.espncdn.com/i/teamlogos/ncaa/500/2771.png
Methodist,#null,http://a.espncdn.com/i/teamlogos/ncaa/500/291.png
Miami,#005030,http://a.espncdn.com/i/teamlogos/ncaa/500/2390.png
Miami (OH),#a4000c,http://a.espncdn.com/i/teamlogos/ncaa/500/193.png
Michigan,#00274c,http://a.espncdn.com/i/teamlogos/ncaa/500/130.png
Michigan State,#18453b,http://a.espncdn.com/i/teamlogos/ncaa/500/127.png
Michigan Tech,#null,http://a.espncdn.com/i/teamlogos/ncaa/500/2392.png
Middlebury,#365a8a,http://a.espncdn.com/i/teamlogos/ncaa/500/2394.png
Middle Tennessee,#006db6,http://a.espncdn.com/i/teamlogos/ncaa/500/2393.png
Midwestern State,#null,http://a.espncdn.com/i/teamlogos/ncaa/500/2395.png
Miles College,#null,http://a.espncdn.com/i/teamlogos/ncaa/500/2396.png
Millersville,#null,http://a.espncdn.com/i/teamlogos/ncaa/500/210.png
Millikin,#null,http://a.espncdn.com/i/teamlogos/ncaa/500/74.png
Millsaps,#null,http://a.espncdn.com/i/teamlogos/ncaa/500/2398.png
Minnesota,#5e0a2f,http://a.espncdn.com/i/teamlogos/ncaa/500/135.png
Minnesota Duluth,#null,http://a.espncdn.com/i/teamlogos/ncaa/500/134.png
Minnesota Morris,#8d191b,http://a.espncdn.com/i/teamlogos/ncaa/500/2399.png
Minnesota State Mankato,#null,http://a.espncdn.com/i/teamlogos/ncaa/500/2364.png
Minnesota State Moorhead,#null,http://a.espncdn.com/i/teamlogos/ncaa/500/2817.png
Minot State,#null,http://a.espncdn.com/i/teamlogos/ncaa/500/568.png
Misericordia,#null,http://a.espncdn.com/i/teamlogos/ncaa/500/2969.png
Mississippi College,#0c2240,http://a.espncdn.com/i/teamlogos/ncaa/500/2401.png
Mississippi State,#5d1725,http://a.espncdn.com/i/teamlogos/ncaa/500/344.png
Mississippi Valley State,#005328,http://a.espncdn.com/i/teamlogos/ncaa/500/2400.png
Missouri,#f1b82d,http://a.espncdn.com/i/teamlogos/ncaa/500/142.png
Missouri Southern State,#null,http://a.espncdn.com/i/teamlogos/ncaa/500/2403.png
Missouri S&T,#null,http://a.espncdn.com/i/teamlogos/ncaa/500/2402.png
Missouri State,#5F0000,http://a.espncdn.com/i/teamlogos/ncaa/500/2623.png
Missouri Western,#null,http://a.espncdn.com/i/teamlogos/ncaa/500/137.png
Monmouth,#051844,http://a.espncdn.com/i/teamlogos/ncaa/500/2405.png
Monmouth (IL),#null,http://a.espncdn.com/i/teamlogos/ncaa/500/2919.png
Montana,#751D4A,http://a.espncdn.com/i/teamlogos/ncaa/500/149.png
Montana State,#00205c,http://a.espncdn.com/i/teamlogos/ncaa/500/147.png
Montclair State,#c20f2f,http://a.espncdn.com/i/teamlogos/ncaa/500/2818.png
Moravian,#1f3361,http://a.espncdn.com/i/teamlogos/ncaa/500/323.png
Morehead State,#094FA3,http://a.espncdn.com/i/teamlogos/ncaa/500/2413.png
Morehouse College,#null,http://a.espncdn.com/i/teamlogos/ncaa/500/60.png
Morgan State,#014786,http://a.espncdn.com/i/teamlogos/ncaa/500/2415.png
Mount Ida College,#000000,http://a.espncdn.com/i/teamlogos/ncaa/500/481.png
Mount St. Joseph,#002d5d,http://a.espncdn.com/i/teamlogos/ncaa/500/2419.png
Muhlenberg,#null,http://a.espncdn.com/i/teamlogos/ncaa/500/2422.png
Murray State,#002148,http://a.espncdn.com/i/teamlogos/ncaa/500/93.png
Muskingum University,#null,http://a.espncdn.com/i/teamlogos/ncaa/500/332.png
Navy,#00225b,http://a.espncdn.com/i/teamlogos/ncaa/500/2426.png
NC State,#cc0000,http://a.espncdn.com/i/teamlogos/ncaa/500/152.png
Nebraska,#d00000,http://a.espncdn.com/i/teamlogos/ncaa/500/158.png
Nebraska-Kearney,#null,http://a.espncdn.com/i/teamlogos/ncaa/500/2438.png
Nevada,#002d62,http://a.espncdn.com/i/teamlogos/ncaa/500/2440.png
NEWBERG,#002d62,http://a.espncdn.com/i/teamlogos/ncaa/500/415.png
Newberry,#d02030,http://a.espncdn.com/i/teamlogos/ncaa/500/2444.png
New Hampshire,#004990,http://a.espncdn.com/i/teamlogos/ncaa/500/160.png
New Haven,#null,http://a.espncdn.com/i/teamlogos/ncaa/500/2441.png
New Mexico,#BA0C2F,http://a.espncdn.com/i/teamlogos/ncaa/500/167.png
New Mexico Highlands,#null,http://a.espncdn.com/i/teamlogos/ncaa/500/2424.png
New Mexico State,#891216,http://a.espncdn.com/i/teamlogos/ncaa/500/166.png
Nicholls,#C41230,http://a.espncdn.com/i/teamlogos/ncaa/500/2447.png
Nichols College,#007b5f,http://a.espncdn.com/i/teamlogos/ncaa/500/2884.png
Norfolk State,#0c8968,http://a.espncdn.com/i/teamlogos/ncaa/500/2450.png
North Alabama,#null,http://a.espncdn.com/i/teamlogos/ncaa/500/2453.png
North Carolina,#7bafd4,http://a.espncdn.com/i/teamlogos/ncaa/500/153.png
North Carolina A&T,#0505aa,http://a.espncdn.com/i/teamlogos/ncaa/500/2448.png
North Carolina Central,#880023,http://a.espncdn.com/i/teamlogos/ncaa/500/2428.png
North Carolina Wesleyan,#null,http://a.espncdn.com/i/teamlogos/ncaa/500/286.png
North Central College,#null,http://a.espncdn.com/i/teamlogos/ncaa/500/3071.png
North Dakota,#00A26B,http://a.espncdn.com/i/teamlogos/ncaa/500/155.png
North Dakota State,#01402A,http://a.espncdn.com/i/teamlogos/ncaa/500/2449.png
Northeastern State,#null,http://a.espncdn.com/i/teamlogos/ncaa/500/196.png
Northern Arizona,#003976,http://a.espncdn.com/i/teamlogos/ncaa/500/2464.png
Northern Colorado,#13558D,http://a.espncdn.com/i/teamlogos/ncaa/500/2458.png
Northern Illinois,#F1122C,http://a.espncdn.com/i/teamlogos/ncaa/500/2459.png
Northern Iowa,#473282,http://a.espncdn.com/i/teamlogos/ncaa/500/2460.png
Northern Michigan,#null,http://a.espncdn.com/i/teamlogos/ncaa/500/128.png
Northern State,#null,http://a.espncdn.com/i/teamlogos/ncaa/500/425.png
North Greenville,#d91e39,http://a.espncdn.com/i/teamlogos/ncaa/500/2822.png
North Park,#null,http://a.espncdn.com/i/teamlogos/ncaa/500/75.png
North Texas,#00853E,http://a.espncdn.com/i/teamlogos/ncaa/500/249.png
Northwestern,#582c83,http://a.espncdn.com/i/teamlogos/ncaa/500/77.png
Northwestern (MN),#null,http://a.espncdn.com/i/teamlogos/ncaa/500/583.png
Northwestern Oklahoma State,#null,http://a.espncdn.com/i/teamlogos/ncaa/500/2823.png
Northwestern State,#492F91,http://a.espncdn.com/i/teamlogos/ncaa/500/2466.png
Northwest Missouri St,#null,http://a.espncdn.com/i/teamlogos/ncaa/500/138.png
Northwood (MI),#null,http://a.espncdn.com/i/teamlogos/ncaa/500/2886.png
Norwich,#null,http://a.espncdn.com/i/teamlogos/ncaa/500/2467.png
Notre Dame,#0c2340,http://a.espncdn.com/i/teamlogos/ncaa/500/87.png
Notre Dame College,#000000,http://a.espncdn.com/i/teamlogos/ncaa/500/587.png
Oberlin,#null,http://a.espncdn.com/i/teamlogos/ncaa/500/391.png
Occidental,#000000,http://a.espncdn.com/i/teamlogos/ncaa/500/2475.png
Ohio,#295A29,http://a.espncdn.com/i/teamlogos/ncaa/500/195.png
Ohio Dominican,#null,
Ohio Northern,#null,http://a.espncdn.com/i/teamlogos/ncaa/500/427.png
Ohio State,#ce1141,http://a.espncdn.com/i/teamlogos/ncaa/500/194.png
Ohio Wesleyan,#null,http://a.espncdn.com/i/teamlogos/ncaa/500/2980.png
Oklahoma,#a32036,http://a.espncdn.com/i/teamlogos/ncaa/500/201.png
Oklahoma Baptist,#null,http://a.espncdn.com/i/teamlogos/ncaa/500/319.png
Oklahoma Panhandle St,#null,http://a.espncdn.com/i/teamlogos/ncaa/500/2824.png
Oklahoma State,#FF7300,http://a.espncdn.com/i/teamlogos/ncaa/500/197.png
Old Dominion,#00507d,http://a.espncdn.com/i/teamlogos/ncaa/500/295.png
Ole Miss,#13294b,http://a.espncdn.com/i/teamlogos/ncaa/500/145.png
Olivet College,#null,http://a.espncdn.com/i/teamlogos/ncaa/500/354.png
Oregon,#007030,http://a.espncdn.com/i/teamlogos/ncaa/500/2483.png
Oregon State,#231f20,http://a.espncdn.com/i/teamlogos/ncaa/500/204.png
Otterbein,#null,http://a.espncdn.com/i/teamlogos/ncaa/500/359.png
Ouachita Baptist,#null,http://a.espncdn.com/i/teamlogos/ncaa/500/2888.png
Pace,#null,http://a.espncdn.com/i/teamlogos/ncaa/500/2487.png
Pacific Lutheran,#ffc423,http://a.espncdn.com/i/teamlogos/ncaa/500/2486.png
Pacific (OR),#b4183a,http://a.espncdn.com/i/teamlogos/ncaa/500/205.png
Penn State,#041E42,http://a.espncdn.com/i/teamlogos/ncaa/500/213.png
Pennsylvania,#082A74,http://a.espncdn.com/i/teamlogos/ncaa/500/219.png
PennWest California,#null,http://a.espncdn.com/i/teamlogos/ncaa/500/2858.png
Pittsburgh,#003263,http://a.espncdn.com/i/teamlogos/ncaa/500/221.png
Pittsburg St,#null,http://a.espncdn.com/i/teamlogos/ncaa/500/90.png
Plymouth State,#054e39,http://a.espncdn.com/i/teamlogos/ncaa/500/2972.png
Pomona Pitzer,#00549a,http://a.espncdn.com/i/teamlogos/ncaa/500/2923.png
Portland State,#00311e,http://a.espncdn.com/i/teamlogos/ncaa/500/2502.png
Post University,#null,
Prairie View A&M,#4d0960,http://a.espncdn.com/i/teamlogos/ncaa/500/2504.png
Presbyterian,#194896,http://a.espncdn.com/i/teamlogos/ncaa/500/2506.png
Princeton,#null,http://a.espncdn.com/i/teamlogos/ncaa/500/163.png
Puget Sound,#680001,http://a.espncdn.com/i/teamlogos/ncaa/500/2508.png
Purdue,#000000,http://a.espncdn.com/i/teamlogos/ncaa/500/2509.png
Quincy,#null,http://a.espncdn.com/i/teamlogos/ncaa/500/2825.png
Randolph-Macon,#fcdf12,http://a.espncdn.com/i/teamlogos/ncaa/500/2516.png
Reading,#null,
Redlands,#751708,http://a.espncdn.com/i/teamlogos/ncaa/500/29.png
Rensselaer,#null,http://a.espncdn.com/i/teamlogos/ncaa/500/2528.png
Rhode Island,#091f3f,http://a.espncdn.com/i/teamlogos/ncaa/500/227.png
Rhodes College,#null,http://a.espncdn.com/i/teamlogos/ncaa/500/2519.png
Rice,#d1d5d8,http://a.espncdn.com/i/teamlogos/ncaa/500/242.png
Richmond,#9e0712,http://a.espncdn.com/i/teamlogos/ncaa/500/257.png
Ripon,#null,http://a.espncdn.com/i/teamlogos/ncaa/500/2891.png
Robert Morris,#00214D,http://a.espncdn.com/i/teamlogos/ncaa/500/2523.png
Rockford,#5a3f99,http://a.espncdn.com/i/teamlogos/ncaa/500/2524.png
Roosevelt,#null,
Rose-Hulman,#800000,http://a.espncdn.com/i/teamlogos/ncaa/500/86.png
Rowan,#571b04,http://a.espncdn.com/i/teamlogos/ncaa/500/2827.png
Rutgers,#d21034,http://a.espncdn.com/i/teamlogos/ncaa/500/164.png
Sacramento State,#00573C,http://a.espncdn.com/i/teamlogos/ncaa/500/16.png
Sacred Heart,#a40012,http://a.espncdn.com/i/teamlogos/ncaa/500/2529.png
Saginaw Valley State,#null,http://a.espncdn.com/i/teamlogos/ncaa/500/129.png
Saint John's (MN),#ce153e,http://a.espncdn.com/i/teamlogos/ncaa/500/2600.png
Saint Vincent,#null,http://a.espncdn.com/i/teamlogos/ncaa/500/2614.png
Salisbury,#8b0e04,http://a.espncdn.com/i/teamlogos/ncaa/500/2532.png
Salve Regina,#null,http://a.espncdn.com/i/teamlogos/ncaa/500/2776.png
Samford,#005485,http://a.espncdn.com/i/teamlogos/ncaa/500/2535.png
Sam Houston,#fe5000,http://a.espncdn.com/i/teamlogos/ncaa/500/2534.png
San Diego,#2f99d4,http://a.espncdn.com/i/teamlogos/ncaa/500/301.png
San Diego State,#c41230,http://a.espncdn.com/i/teamlogos/ncaa/500/21.png
San Jos√© State,#005893,http://a.espncdn.com/i/teamlogos/ncaa/500/23.png
Savannah St,#280298,http://a.espncdn.com/i/teamlogos/ncaa/500/2542.png
SE Louisiana,#215732,http://a.espncdn.com/i/teamlogos/ncaa/500/2545.png
Seton Hill,#null,http://a.espncdn.com/i/teamlogos/ncaa/500/611.png
Sewanee,#null,http://a.espncdn.com/i/teamlogos/ncaa/500/2553.png
Shaw,#null,http://a.espncdn.com/i/teamlogos/ncaa/500/2551.png
Shenandoah,#null,http://a.espncdn.com/i/teamlogos/ncaa/500/2828.png
Shepherd,#null,http://a.espncdn.com/i/teamlogos/ncaa/500/2974.png
Shippensburg,#null,http://a.espncdn.com/i/teamlogos/ncaa/500/2559.png
Simon Fraser,#000000,http://a.espncdn.com/i/teamlogos/ncaa/500/2829.png
Simpson College (IA),#b20838,http://a.espncdn.com/i/teamlogos/ncaa/500/2564.png
Slippery Rock,#null,http://a.espncdn.com/i/teamlogos/ncaa/500/215.png
SMU,#354ca1,http://a.espncdn.com/i/teamlogos/ncaa/500/2567.png
South Alabama,#00205B,http://a.espncdn.com/i/teamlogos/ncaa/500/6.png
South Carolina,#73000a,http://a.espncdn.com/i/teamlogos/ncaa/500/2579.png
South Carolina State,#7d1315,http://a.espncdn.com/i/teamlogos/ncaa/500/2569.png
South Dakota,#CD1241,http://a.espncdn.com/i/teamlogos/ncaa/500/233.png
South Dakota Mines,#null,http://a.espncdn.com/i/teamlogos/ncaa/500/613.png
South Dakota State,#0033a0,http://a.espncdn.com/i/teamlogos/ncaa/500/2571.png
Southeastern Oklahoma State,#null,http://a.espncdn.com/i/teamlogos/ncaa/500/199.png
Southeast Missouri State,#c8102e,http://a.espncdn.com/i/teamlogos/ncaa/500/2546.png
Southern,#004B97,http://a.espncdn.com/i/teamlogos/ncaa/500/2582.png
Southern Arkansas,#null,http://a.espncdn.com/i/teamlogos/ncaa/500/2568.png
Southern Connecticut State,#null,http://a.espncdn.com/i/teamlogos/ncaa/500/2583.png
Southern Illinois,#85283D,http://a.espncdn.com/i/teamlogos/ncaa/500/79.png
Southern Miss,#FFAA3C,http://a.espncdn.com/i/teamlogos/ncaa/500/2572.png
Southern Nazarene,#null,http://a.espncdn.com/i/teamlogos/ncaa/500/200.png
Southern Utah,#c72026,http://a.espncdn.com/i/teamlogos/ncaa/500/253.png
Southern Virginia,#null,http://a.espncdn.com/i/teamlogos/ncaa/500/2896.png
South Florida,#004A36,http://a.espncdn.com/i/teamlogos/ncaa/500/58.png
Southwest Baptist,#null,http://a.espncdn.com/i/teamlogos/ncaa/500/2586.png
Southwestern Oklahoma State,#null,http://a.espncdn.com/i/teamlogos/ncaa/500/2927.png
Southwest Minnesota State,#null,http://a.espncdn.com/i/teamlogos/ncaa/500/2587.png
Springfield,#null,http://a.espncdn.com/i/teamlogos/ncaa/500/81.png
Stanford,#8c1515,http://a.espncdn.com/i/teamlogos/ncaa/500/24.png
St. Anselm,#null,http://a.espncdn.com/i/teamlogos/ncaa/500/2830.png
St. Augustine's,#000000,http://a.espncdn.com/i/teamlogos/ncaa/500/395.png
Stephen F. Austin,#393996,http://a.espncdn.com/i/teamlogos/ncaa/500/2617.png
Stetson,#0a5640,http://a.espncdn.com/i/teamlogos/ncaa/500/56.png
Stevenson,#005747,http://a.espncdn.com/i/teamlogos/ncaa/500/471.png
St. Francis (PA),#a20012,http://a.espncdn.com/i/teamlogos/ncaa/500/2598.png
St John Fisher University,#null,http://a.espncdn.com/i/teamlogos/ncaa/500/374.png
St. Joseph's (IN),#000000,
St. Lawrence,#null,http://a.espncdn.com/i/teamlogos/ncaa/500/2779.png
St. Norbert,#null,http://a.espncdn.com/i/teamlogos/ncaa/500/2832.png
St. Olaf,#null,http://a.espncdn.com/i/teamlogos/ncaa/500/133.png
Stonehill,#null,http://a.espncdn.com/i/teamlogos/ncaa/500/284.png
Stony Brook,#990000,http://a.espncdn.com/i/teamlogos/ncaa/500/2619.png
St. Scholastica,#null,http://a.espncdn.com/i/teamlogos/ncaa/500/375.png
St. Thomas (MN),#null,http://a.espncdn.com/i/teamlogos/ncaa/500/2900.png
Sul Ross State,#null,http://a.espncdn.com/i/teamlogos/ncaa/500/2834.png
SUNY Maritime,#null,http://a.espncdn.com/i/teamlogos/ncaa/500/2951.png
SUNY Morrisville,#null,http://a.espncdn.com/i/teamlogos/ncaa/500/3110.png
Susquehanna,#6b1a31,http://a.espncdn.com/i/teamlogos/ncaa/500/216.png
Syracuse,#ff6500,http://a.espncdn.com/i/teamlogos/ncaa/500/183.png
Tarleton State,#null,http://a.espncdn.com/i/teamlogos/ncaa/500/2627.png
TCU,#4d1979,http://a.espncdn.com/i/teamlogos/ncaa/500/2628.png
Temple,#A80532,http://a.espncdn.com/i/teamlogos/ncaa/500/218.png
Tennessee,#ff8200,http://a.espncdn.com/i/teamlogos/ncaa/500/2633.png
Tennessee State,#171796,http://a.espncdn.com/i/teamlogos/ncaa/500/2634.png
Tennessee Tech,#5A4099,http://a.espncdn.com/i/teamlogos/ncaa/500/2635.png
Texas,#c15d26,http://a.espncdn.com/i/teamlogos/ncaa/500/251.png
Texas A&M,#500000,http://a.espncdn.com/i/teamlogos/ncaa/500/245.png
Texas A&M-Kingsville,#null,http://a.espncdn.com/i/teamlogos/ncaa/500/2658.png
Texas Lutheran,#fdbe10,http://a.espncdn.com/i/teamlogos/ncaa/500/2639.png
Texas Southern,#860038,http://a.espncdn.com/i/teamlogos/ncaa/500/2640.png
Texas State,#4e1719,http://a.espncdn.com/i/teamlogos/ncaa/500/326.png
Texas Tech,#CC0000,http://a.espncdn.com/i/teamlogos/ncaa/500/2641.png
The Citadel,#002b5c,http://a.espncdn.com/i/teamlogos/ncaa/500/2643.png
Thomas More College,#null,http://a.espncdn.com/i/teamlogos/ncaa/500/2646.png
Tiffin University,#null,
Toledo,#0a2240,http://a.espncdn.com/i/teamlogos/ncaa/500/2649.png
Towson,#FFC229,http://a.espncdn.com/i/teamlogos/ncaa/500/119.png
Trine University,#null,http://a.espncdn.com/i/teamlogos/ncaa/500/2651.png
Trinity (CT),#032d58,http://a.espncdn.com/i/teamlogos/ncaa/500/2977.png
Trinity University TX,#null,http://a.espncdn.com/i/teamlogos/ncaa/500/386.png
Troy,#AE0210,http://a.espncdn.com/i/teamlogos/ncaa/500/2653.png
Truman State,#null,http://a.espncdn.com/i/teamlogos/ncaa/500/2654.png
Tufts,#3e8ede,http://a.espncdn.com/i/teamlogos/ncaa/500/112.png
Tulane,#006547,http://a.espncdn.com/i/teamlogos/ncaa/500/2655.png
Tulsa,#003595,http://a.espncdn.com/i/teamlogos/ncaa/500/202.png
Tuskegee,#null,http://a.espncdn.com/i/teamlogos/ncaa/500/2657.png
UAB,#003b28,http://a.espncdn.com/i/teamlogos/ncaa/500/5.png
UAlbany,#3D2777,http://a.espncdn.com/i/teamlogos/ncaa/500/399.png
UC Davis,#002855,http://a.espncdn.com/i/teamlogos/ncaa/500/302.png
UCF,#ba9b37,http://a.espncdn.com/i/teamlogos/ncaa/500/2116.png
UCLA,#2774ae,http://a.espncdn.com/i/teamlogos/ncaa/500/26.png
UConn,#0c2340,http://a.espncdn.com/i/teamlogos/ncaa/500/41.png
UL Monroe,#231F20,http://a.espncdn.com/i/teamlogos/ncaa/500/2433.png
UMass Dartmouth,#null,http://a.espncdn.com/i/teamlogos/ncaa/500/379.png
UNC Pembroke,#null,http://a.espncdn.com/i/teamlogos/ncaa/500/2882.png
Union (NY),#null,http://a.espncdn.com/i/teamlogos/ncaa/500/237.png
University Of Charleston (WV),#null,http://a.espncdn.com/i/teamlogos/ncaa/500/2128.png
University of Mount Union,#null,http://a.espncdn.com/i/teamlogos/ncaa/500/426.png
University of Rochester (NY),#null,http://a.espncdn.com/i/teamlogos/ncaa/500/184.png
UNLV,#b10202,http://a.espncdn.com/i/teamlogos/ncaa/500/2439.png
Upper Iowa University,#null,http://a.espncdn.com/i/teamlogos/ncaa/500/389.png
Ursinus,#98012e,http://a.espncdn.com/i/teamlogos/ncaa/500/2667.png
USC,#9e2237,http://a.espncdn.com/i/teamlogos/ncaa/500/30.png
Utah,#ea002a,http://a.espncdn.com/i/teamlogos/ncaa/500/254.png
Utah State,#00263a,http://a.espncdn.com/i/teamlogos/ncaa/500/328.png
Utah Tech,#null,http://a.espncdn.com/i/teamlogos/ncaa/500/3101.png
UTEP,#ff8200,http://a.espncdn.com/i/teamlogos/ncaa/500/2638.png
Utica,#null,http://a.espncdn.com/i/teamlogos/ncaa/500/390.png
UT Martin,#FF6700,http://a.espncdn.com/i/teamlogos/ncaa/500/2630.png
UT Permian Basin,#null,
UT Rio Grande Valley,#null,http://a.espncdn.com/i/teamlogos/ncaa/500/292.png
UTSA,#002A5C,http://a.espncdn.com/i/teamlogos/ncaa/500/2636.png
UVA Wise,#e30000,http://a.espncdn.com/i/teamlogos/ncaa/500/2842.png
Valdosta State,#dd1a32,http://a.espncdn.com/i/teamlogos/ncaa/500/2673.png
Valparaiso,#794500,http://a.espncdn.com/i/teamlogos/ncaa/500/2674.png
Vanderbilt,#866d4b,http://a.espncdn.com/i/teamlogos/ncaa/500/238.png
Villanova,#00205b,http://a.espncdn.com/i/teamlogos/ncaa/500/222.png
Virginia,#232d4b,http://a.espncdn.com/i/teamlogos/ncaa/500/258.png
Virginia St,#null,http://a.espncdn.com/i/teamlogos/ncaa/500/330.png
Virginia Tech,#630031,http://a.espncdn.com/i/teamlogos/ncaa/500/259.png
VMI,#E52D37,http://a.espncdn.com/i/teamlogos/ncaa/500/2678.png
Wabash College,#null,http://a.espncdn.com/i/teamlogos/ncaa/500/89.png
Wagner,#00483A,http://a.espncdn.com/i/teamlogos/ncaa/500/2681.png
Wake Forest,#9E7E38,http://a.espncdn.com/i/teamlogos/ncaa/500/154.png
Walsh,#null,http://a.espncdn.com/i/teamlogos/ncaa/500/2682.png
Wartburg,#f5822b,http://a.espncdn.com/i/teamlogos/ncaa/500/2685.png
Washburn,#null,http://a.espncdn.com/i/teamlogos/ncaa/500/2687.png
Washington,#33006f,http://a.espncdn.com/i/teamlogos/ncaa/500/264.png
Washington and Lee,#000399,http://a.espncdn.com/i/teamlogos/ncaa/500/2688.png
Washington & Jefferson,#null,http://a.espncdn.com/i/teamlogos/ncaa/500/2686.png
Washington State,#981e32,http://a.espncdn.com/i/teamlogos/ncaa/500/265.png
Washington University (St. Louis),#null,http://a.espncdn.com/i/teamlogos/ncaa/500/143.png
Waynesburg,#null,http://a.espncdn.com/i/teamlogos/ncaa/500/2845.png
Wayne State (MI),#null,http://a.espncdn.com/i/teamlogos/ncaa/500/131.png
Wayne State (NE),#null,http://a.espncdn.com/i/teamlogos/ncaa/500/2844.png
Weber State,#18005a,http://a.espncdn.com/i/teamlogos/ncaa/500/2692.png
Wesleyan University (CT),#d72121,http://a.espncdn.com/i/teamlogos/ncaa/500/336.png
West Alabama,#d31d33,http://a.espncdn.com/i/teamlogos/ncaa/500/2695.png
West Chester,#null,http://a.espncdn.com/i/teamlogos/ncaa/500/223.png
Western Carolina,#492F91,http://a.espncdn.com/i/teamlogos/ncaa/500/2717.png
Western Colorado,#null,http://a.espncdn.com/i/teamlogos/ncaa/500/2714.png
Western Connecticut St,#002857,http://a.espncdn.com/i/teamlogos/ncaa/500/2843.png
Western Illinois,#4e1e8a,http://a.espncdn.com/i/teamlogos/ncaa/500/2710.png
Western Kentucky,#F32026,http://a.espncdn.com/i/teamlogos/ncaa/500/98.png
Western Michigan,#532e1f,http://a.espncdn.com/i/teamlogos/ncaa/500/2711.png
Western New England,#null,http://a.espncdn.com/i/teamlogos/ncaa/500/2702.png
Western New Mexico,#null,http://a.espncdn.com/i/teamlogos/ncaa/500/2703.png
Western Oregon,#null,http://a.espncdn.com/i/teamlogos/ncaa/500/2848.png
Westfield State,#1b509e,http://a.espncdn.com/i/teamlogos/ncaa/500/2909.png
West Florida,#null,
West Georgia,#0033a1,http://a.espncdn.com/i/teamlogos/ncaa/500/2698.png
West Liberty,#null,http://a.espncdn.com/i/teamlogos/ncaa/500/2699.png
Westminster College (MO),#06496f,http://a.espncdn.com/i/teamlogos/ncaa/500/433.png
Westminster (PA),#null,http://a.espncdn.com/i/teamlogos/ncaa/500/2849.png
West Texas A&M,#null,http://a.espncdn.com/i/teamlogos/ncaa/500/2704.png
West Virginia,#002855,http://a.espncdn.com/i/teamlogos/ncaa/500/277.png
West Virginia State,#null,http://a.espncdn.com/i/teamlogos/ncaa/500/2707.png
West Virginia Wesleyan,#null,http://a.espncdn.com/i/teamlogos/ncaa/500/455.png
Wheaton,#null,http://a.espncdn.com/i/teamlogos/ncaa/500/396.png
Wheeling,#null,
Whittier,#000000,http://a.espncdn.com/i/teamlogos/ncaa/500/2850.png
Whitworth,#930036,http://a.espncdn.com/i/teamlogos/ncaa/500/2721.png
Widener,#0056ba,http://a.espncdn.com/i/teamlogos/ncaa/500/2725.png
Wilkes,#002856,http://a.espncdn.com/i/teamlogos/ncaa/500/398.png
Willamette,#960a2c,http://a.espncdn.com/i/teamlogos/ncaa/500/2930.png
William Jewell,#null,http://a.espncdn.com/i/teamlogos/ncaa/500/2911.png
William & Mary,#103217,http://a.espncdn.com/i/teamlogos/ncaa/500/2729.png
William Paterson,#null,http://a.espncdn.com/i/teamlogos/ncaa/500/2970.png
Williams,#500082,http://a.espncdn.com/i/teamlogos/ncaa/500/2731.png
Wilmington (OH),#null,http://a.espncdn.com/i/teamlogos/ncaa/500/2733.png
Wilson,#null,
Wingate,#182441,http://a.espncdn.com/i/teamlogos/ncaa/500/351.png
Winona State,#null,http://a.espncdn.com/i/teamlogos/ncaa/500/2851.png
Winston-Salem,#bb0100,http://a.espncdn.com/i/teamlogos/ncaa/500/2736.png
Wisconsin,#c4012f,http://a.espncdn.com/i/teamlogos/ncaa/500/275.png
Wisconsin-Eau Claire,#null,http://a.espncdn.com/i/teamlogos/ncaa/500/2738.png
Wisconsin-Lacrosse,#null,http://a.espncdn.com/i/teamlogos/ncaa/500/2740.png
Wisconsin-Lutheran,#006241,http://a.espncdn.com/i/teamlogos/ncaa/500/2741.png
Wisconsin-Oshkosh,#null,http://a.espncdn.com/i/teamlogos/ncaa/500/271.png
Wisconsin-Platteville,#null,http://a.espncdn.com/i/teamlogos/ncaa/500/272.png
Wisconsin-River Falls,#null,http://a.espncdn.com/i/teamlogos/ncaa/500/2723.png
Wisconsin-Stevens Pt,#null,http://a.espncdn.com/i/teamlogos/ncaa/500/2743.png
Wisconsin-Stout,#null,http://a.espncdn.com/i/teamlogos/ncaa/500/2744.png
Wisconsin-Whitewater,#null,http://a.espncdn.com/i/teamlogos/ncaa/500/2745.png
Wittenberg,#null,http://a.espncdn.com/i/teamlogos/ncaa/500/2746.png
Wofford,#533B23,http://a.espncdn.com/i/teamlogos/ncaa/500/2747.png
Wooster,#null,http://a.espncdn.com/i/teamlogos/ncaa/500/2748.png
Worcester Polytechnic Institute,#null,http://a.espncdn.com/i/teamlogos/ncaa/500/2749.png
Worcester St,#004b8e,http://a.espncdn.com/i/teamlogos/ncaa/500/402.png
Wyoming,#492f24,http://a.espncdn.com/i/teamlogos/ncaa/500/2751.png
Yale,#004a81,http://a.espncdn.com/i/teamlogos/ncaa/500/43.png
Youngstown State,#E51936,http://a.espncdn.com/i/teamlogos/ncaa/500/2754.png
Belhaven,#215732,http://a.espncdn.com/i/teamlogos/ncaa/500/2056.png
Chowan,#null,http://a.espncdn.com/i/teamlogos/ncaa/500/2804.png
Finlandia University,#null,
Kean,#092f56,http://a.espncdn.com/i/teamlogos/ncaa/500/2871.png
Knox College,#null,http://a.espncdn.com/i/teamlogos/ncaa/500/255.png
Lakeland,#null,http://a.espncdn.com/i/teamlogos/ncaa/500/6353.png
Lane College,#null,http://a.espncdn.com/i/teamlogos/ncaa/500/2323.png
Loras College,#452d7d,http://a.espncdn.com/i/teamlogos/ncaa/500/263.png
McKendree,#null,http://a.espncdn.com/i/teamlogos/ncaa/500/2816.png
MIT,#null,http://a.espncdn.com/i/teamlogos/ncaa/500/109.png
Nebraska Wesleyan,#null,http://a.espncdn.com/i/teamlogos/ncaa/500/6845.png
Shorter,#null,http://a.espncdn.com/i/teamlogos/ncaa/500/2560.png
Sioux Falls,#null,http://a.espncdn.com/i/teamlogos/ncaa/500/2894.png
Southwestern University,#null,http://a.espncdn.com/i/teamlogos/ncaa/500/2588.png
Thiel,#null,http://a.espncdn.com/i/teamlogos/ncaa/500/2644.png
Tiffin,#null,http://a.espncdn.com/i/teamlogos/ncaa/500/2838.png
University of Mary,#null,http://a.espncdn.com/i/teamlogos/ncaa/500/559.png
Virginia Union,#null,http://a.espncdn.com/i/teamlogos/ncaa/500/2676.png
